Ticker,Industry,Sector
QBTS,Quantum Computing,Technology
QUBT,Quantum Computing,Technology
IONQ,Quantum Computing,Technology
RGTI,Quantum Computing,Technology
INFQ,Quantum Computing,Technology
QNT,Quantum Computing,Technology
RIOT,Data Center - Crypto Mining,Technology
CLSK,Data Center - Crypto Mining,Technology
CIFR,Data Center - Crypto Mining,Technology
MARA,Data Center - Crypto Mining,Technology
BTDR,Data Center - Crypto Mining,Technology
WULF,Data Center - Crypto Mining,Technology
IREN,Data Center - Crypto Mining,Technology
APLD,Data Center - Crypto Mining,Technology
HUT,Data Center - Crypto Mining,Technology
CORZ,Data Center - Crypto Mining,Technology
MSTR,Crypto - Blockchain,Financial Services
BMNR,Crypto - Blockchain,Financial Services
PURR,Crypto - Blockchain,Financial Services
CRCL,Crypto - Blockchain,Financial Services
FIGR,Crypto - Blockchain,Financial Services
SBET,Crypto - Blockchain,Financial Services
BTBT,Crypto - Blockchain,Financial Services
ARQQ,Quantum Computing,Technology
EVTL,eVTOL,Industrials
ACHR,eVTOL,Industrials
JOBY,eVTOL,Industrials
EH,eVTOL,Industrials
XTIA,eVTOL,Industrials
BETA,eVTOL,Industrials
SRFM,eVTOL,Industrials
EVEX,eVTOL,Industrials
HOVR,eVTOL,Industrials
LITE,Optical & Photonics,Technology
COHR,Optical & Photonics,Technology
AAOI,Optical & Photonics,Technology
AXTI,Optical & Photonics,Technology
LWLG,Optical & Photonics,Technology
VIAV,Optical & Photonics,Technology
IPGP,Optical & Photonics,Technology
LASR,Optical & Photonics,Technology
FN,Optical & Photonics,Technology
OPTX,Optical & Photonics,Technology
MTSI,Optical & Photonics,Technology
POET,Optical & Photonics,Technology
GLW,Optical & Photonics,Technology
CIEN,Optical & Photonics,Technology
CRWD,Cyber Security,Technology
PANW,Cyber Security,Technology
FTNT,Cyber Security,Technology
ZS,Cyber Security,Technology
OKTA,Cyber Security,Technology
S,Cyber Security,Technology
SAIL,Cyber Security,Technology
VRNS,Cyber Security,Technology
CHKP,Cyber Security,Technology
QLYS,Cyber Security,Technology
RPD,Cyber Security,Technology
TENB,Cyber Security,Technology
NET,Cyber Security,Technology
RBRK,Cyber Security,Technology
ATEN,Cyber Security,Technology
RDWR,Cyber Security,Technology
BLSH,Crypto - Blockchain,Financial Services
COIN,Crypto - Blockchain,Financial Services
RKLB,Space,Industrials
ASTS,Space,Industrials
MDA,Space,Industrials
SPCE,Space,Industrials
PL,Space,Industrials
BKSY,Space,Industrials
LUNR,Space,Industrials
RDW,Space,Industrials
SPIR,Space,Industrials
VOYG,Space,Industrials
MNTS,Space,Industrials
FLY,Space,Industrials
SIDU,Space,Industrials
DQ,Solar,Technology
KEEL,Data Center - Crypto Mining,Technology
PACB,Genomics & Gene Therapy,Healthcare
TWST,Genomics & Gene Therapy,Healthcare
TXG,Genomics & Gene Therapy,Healthcare
WGS,Genomics & Gene Therapy,Healthcare
PSNL,Genomics & Gene Therapy,Healthcare
ADPT,Genomics & Gene Therapy,Healthcare
CDNA,Genomics & Gene Therapy,Healthcare
VCYT,Genomics & Gene Therapy,Healthcare
FLGT,Genomics & Gene Therapy,Healthcare
CRSP,Genomics & Gene Therapy,Healthcare
NTLA,Genomics & Gene Therapy,Healthcare
EDIT,Genomics & Gene Therapy,Healthcare
BEAM,Genomics & Gene Therapy,Healthcare
PRME,Genomics & Gene Therapy,Healthcare
CRBU,Genomics & Gene Therapy,Healthcare
DTIL,Genomics & Gene Therapy,Healthcare
ILMN,Genomics & Gene Therapy,Healthcare
TEM,Genomics & Gene Therapy,Healthcare
NTRA,Genomics & Gene Therapy,Healthcare
GH,Genomics & Gene Therapy,Healthcare
GRAL,Genomics & Gene Therapy,Healthcare
JOE,REIT - Diversified,Real Estate
ACB,Cannabis,Healthcare
CGC,Cannabis,Healthcare
CRON,Cannabis,Healthcare
HITI,Cannabis,Healthcare
SNDL,Cannabis,Healthcare
TLRY,Cannabis,Healthcare
VFF,Cannabis,Healthcare
GLAS,Cannabis,Healthcare
TRLV,Cannabis,Healthcare
GRWG,Cannabis,Healthcare
IIPR,Cannabis,Healthcare
SYM,Robotics and Automation,Industrials
ROK,Robotics and Automation,Industrials
CGNX,Robotics and Automation,Industrials
ATS,Robotics and Automation,Industrials
RR,Robotics and Automation,Industrials
SERV,Robotics and Automation,Industrials
TSLA,Electric Vehicles & Charging,Consumer Cyclical
RIVN,Electric Vehicles & Charging,Consumer Cyclical
LCID,Electric Vehicles & Charging,Consumer Cyclical
PSNY,Electric Vehicles & Charging,Consumer Cyclical
NIO,Electric Vehicles & Charging,Consumer Cyclical
LI,Electric Vehicles & Charging,Consumer Cyclical
XPEV,Electric Vehicles & Charging,Consumer Cyclical
VFS,Electric Vehicles & Charging,Consumer Cyclical
CHPT,Electric Vehicles & Charging,Consumer Cyclical
EVGO,Electric Vehicles & Charging,Consumer Cyclical
BLNK,Electric Vehicles & Charging,Consumer Cyclical
WBX,Electric Vehicles & Charging,Consumer Cyclical
MP,Critical Minerals & Rare Earths,Basic Materials
UUUU,Critical Minerals & Rare Earths,Basic Materials
USAR,Critical Minerals & Rare Earths,Basic Materials
NB,Critical Minerals & Rare Earths,Basic Materials
NMG,Critical Minerals & Rare Earths,Basic Materials
CRML,Critical Minerals & Rare Earths,Basic Materials
UAMY,Critical Minerals & Rare Earths,Basic Materials
IPX,Critical Minerals & Rare Earths,Basic Materials
AREC,Critical Minerals & Rare Earths,Basic Materials
PPTA,Critical Minerals & Rare Earths,Basic Materials
ALOY,Critical Minerals & Rare Earths,Basic Materials
ATCX,Critical Minerals & Rare Earths,Basic Materials
WWR,Critical Minerals & Rare Earths,Basic Materials
